Workbook

Sheet Dashboard
B1: INPUT PARAMETERS | C1: Value | E1: CALCULATIONS | F1: Value
B2: Pipe Diameter (D) [m] | C2: 1 | E2: Cross-sectional Area (A) [m²] | F2: =PI()*C2^2/4 -> 0.78539816
B3: Pipe Length (L) [m] | C3: 1 | E3: Average Velocity (V) [m/s] | F3: =C6/F3 -> 0
B4: Fluid Density (ρ) [kg/m³] | C4: 1 | E4: Reynolds Number (Re) | F4: =(C4*F4*C2)/C5 -> 0
B5: Dynamic Viscosity (μ) [Pa.s] | C5: 1 | E5: Flow Regime | F5: =IF(F5<2300,"Laminar",IF(F5<=4000,"Transitional","Turbulent")) -> 0
B6: Roughness (ε) [m] | C6: 1 | E6: Friction Factor (f) | F6: =IF(F5<2300,64/F5,0.25/(LOG10(C5/(3.7*C2)+5.74/F5^0.9)^2)) -> 0
B7: Flow Rate (Q) [m³/s] | C7: 1 | E7: Pressure Drop (ΔP) [Pa] | F7: =F6*(C3/C2)*(C4*F4^2/2) -> 0
E8: Turbulent Intensity (I) | F8: =0.16*(F5^-0.125) -> 0
E9: Turbulent Kinetic Energy (k) [m²/s²] | F9: =1.5*(F8*F4)^2 -> 0

Sheet Graphs
B2: Flow Rate (Q) [m³/s] | C2: Velocity (V) [m/s] | D2: Reynolds Number (Re) | E2: Friction Factor (f) | F2: Pressure Drop (ΔP) [Pa]
B3: 0.001 | C3: =B3/(PI()*Dashboard!C$2^2/4) -> 0.0012732395 | D3: =(Dashboard!C$4*C3*Dashboard!C$2)/Dashboard!C$5 -> 0.0012732395 | E3: =IF(D3<2300,64/D3,0.25/(LOG10((Dashboard!C$5/(3.7*Dashboard!C$2)) + (5.74/D3^0.9))^2)) -> 50265.482 | F3: =E3*(Dashboard!C$3/Dashboard!C$2)*(Dashboard!C$4*C3^2/2) -> 0.040743665
B4: 0.002 | C4: =B4/(PI()*Dashboard!C$2^2/4) -> 0.0025464791 | D4: =(Dashboard!C$4*C4*Dashboard!C$2)/Dashboard!C$5 -> 0.0025464791 | E4: =IF(D4<2300,64/D4,0.25/(LOG10((Dashboard!C$5/(3.7*Dashboard!C$2)) + (5.74/D4^0.9))^2)) -> 25132.741 | F4: =E4*(Dashboard!C$3/Dashboard!C$2)*(Dashboard!C$4*C4^2/2) -> 0.081487331
B5: 0.003 | C5: =B5/(PI()*Dashboard!C$2^2/4) -> 0.0038197186 | D5: =(Dashboard!C$4*C5*Dashboard!C$2)/Dashboard!C$5 -> 0.0038197186 | E5: =IF(D5<2300,64/D5,0.25/(LOG10((Dashboard!C$5/(3.7*Dashboard!C$2)) + (5.74/D5^0.9))^2)) -> 16755.161 | F5: =E5*(Dashboard!C$3/Dashboard!C$2)*(Dashboard!C$4*C5^2/2) -> 0.122231
B6: 0.004 | C6: =B6/(PI()*Dashboard!C$2^2/4) -> 0.0050929582 | D6: =(Dashboard!C$4*C6*Dashboard!C$2)/Dashboard!C$5 -> 0.0050929582 | E6: =IF(D6<2300,64/D6,0.25/(LOG10((Dashboard!C$5/(3.7*Dashboard!C$2)) + (5.74/D6^0.9))^2)) -> 12566.371 | F6: =E6*(Dashboard!C$3/Dashboard!C$2)*(Dashboard!C$4*C6^2/2) -> 0.16297466
B7: 0.005 | C7: =B7/(PI()*Dashboard!C$2^2/4) -> 0.0063661977 | D7: =(Dashboard!C$4*C7*Dashboard!C$2)/Dashboard!C$5 -> 0.0063661977 | E7: =IF(D7<2300,64/D7,0.25/(LOG10((Dashboard!C$5/(3.7*Dashboard!C$2)) + (5.74/D7^0.9))^2)) -> 10053.096 | F7: =E7*(Dashboard!C$3/Dashboard!C$2)*(Dashboard!C$4*C7^2/2) -> 0.20371833
